<?xml version='1.0' encoding='UTF-8'?>
<?artifactRepository version='1.1.0'?>
<repository name='Bundle pool' type='org.eclipse.equinox.p2.artifact.repository.simpleRepository' version='1'>
  <properties size='2'>
    <property name='p2.system' value='true'/>
    <property name='p2.timestamp' value='1642665564470'/>
  </properties>
  <mappings size='3'>
    <rule filter='(&amp; (classifier=osgi.bundle))' output='${repoUrl}/plugins/${id}_${version}.jar'/>
    <rule filter='(&amp; (classifier=binary))' output='${repoUrl}/binary/${id}_${version}'/>
    <rule filter='(&amp; (classifier=org.eclipse.update.feature))' output='${repoUrl}/features/${id}_${version}.jar'/>
  </mappings>
  <artifacts size='127'>
    <artifact classifier='osgi.bundle' id='javax.annotation' version='1.2.0.v201602091430'>
      <properties size='1'>
        <property name='download.size' value='29148'/>
      </properties>
    </artifact>
    <artifact classifier='osgi.bundle' id='org.eclipse.e4.emf.xpath' version='0.2.300.v20190513-2118'>
      <properties size='1'>
        <property name='download.size' value='49534'/>
      </properties>
    </artifact>
    <artifact classifier='osgi.bundle' id='org.eclipse.osgi' version='3.14.0.v20190517-1309'>
      <properties size='1'>
        <property name='download.size' value='1450432'/>
      </properties>
    </artifact>
    <artifact classifier='osgi.bundle' id='org.eclipse.compare' version='3.7.600.v20190519-2354'>
      <properties size='1'>
        <property name='download.size' value='805610'/>
      </properties>
    </artifact>
    <artifact classifier='osgi.bundle' id='org.eclipse.jdt.debug' version='3.13.0.v20190521-1707'>
      <properties size='1'>
        <property name='download.size' value='954796'/>
      </properties>
      <repositoryProperties size='1'>
        <property name='artifact.folder' value='true'/>
      </repositoryProperties>
    </artifact>
    <artifact classifier='osgi.bundle' id='org.eclipse.jface.databinding' version='1.9.0.v20190519-0933'>
      <properties size='1'>
        <property name='download.size' value='300521'/>
      </properties>
    </artifact>
    <artifact classifier='osgi.bundle' id='org.eclipse.jdt.junit.runtime' version='3.4.1000.v20190510-0840'>
      <properties size='1'>
        <property name='download.size' value='55960'/>
      </properties>
    </artifact>
    <artifact classifier='osgi.bundle' id='org.eclipse.emf.common' version='2.16.0.v20190528-0845'>
      <properties size='1'>
        <property name='download.size' value='375731'/>
      </properties>
    </artifact>
    <artifact classifier='osgi.bundle' id='org.eclipse.ltk.ui.refactoring' version='3.9.400.v20190510-0840'>
      <properties size='1'>
        <property name='download.size' value='512497'/>
      </properties>
    </artifact>
    <artifact classifier='osgi.bundle' id='gr.uom.java.jdeodorant' version='5.0.82'>
      <properties size='1'>
        <property name='download.size' value='1640258'/>
      </properties>
    </artifact>
    <artifact classifier='osgi.bundle' id='org.apache.commons.logging' version='1.2.0.v20180409-1502'>
      <properties size='1'>
        <property name='download.size' value='73163'/>
      </properties>
    </artifact>
    <artifact classifier='osgi.bundle' id='org.eclipse.jface.text' version='3.15.200.v20190519-2344'>
      <properties size='1'>
        <property name='download.size' value='1061323'/>
      </properties>
    </artifact>
    <artifact classifier='osgi.bundle' id='org.eclipse.equinox.p2.metadata' version='2.4.400.v20190409-0548'>
      <properties size='1'>
        <property name='download.size' value='360446'/>
      </properties>
    </artifact>
    <artifact classifier='osgi.bundle' id='org.eclipse.equinox.registry' version='3.8.400.v20190516-1504'>
      <properties size='1'>
        <property name='download.size' value='196431'/>
      </properties>
    </artifact>
    <artifact classifier='osgi.bundle' id='org.eclipse.core.jobs' version='3.10.400.v20190506-1457'>
      <properties size='1'>
        <property name='download.size' value='107419'/>
      </properties>
    </artifact>
    <artifact classifier='osgi.bundle' id='ca.concordia.jdeodorant.eclipse.commandline-lambda' version='1.0.0.202201201658'>
      <properties size='1'>
        <property name='download.size' value='7444527'/>
      </properties>
    </artifact>
    <artifact classifier='osgi.bundle' id='org.eclipse.ui.views' version='3.9.400.v20190517-1612'>
      <properties size='1'>
        <property name='download.size' value='110800'/>
      </properties>
    </artifact>
    <artifact classifier='osgi.bundle' id='org.eclipse.ui.workbench' version='3.115.0.v20190521-1602'>
      <properties size='1'>
        <property name='download.size' value='3715969'/>
      </properties>
    </artifact>
    <artifact classifier='osgi.bundle' id='org.hamcrest.core' version='1.3.0.v20180420-1519'>
      <properties size='1'>
        <property name='download.size' value='66997'/>
      </properties>
    </artifact>
    <artifact classifier='osgi.bundle' id='org.eclipse.swt' version='3.111.0.v20190605-1801'>
      <properties size='1'>
        <property name='download.size' value='17333'/>
      </properties>
    </artifact>
    <artifact classifier='osgi.bundle' id='org.eclipse.ui.navigator' version='3.8.0.v20190519-2104'>
      <properties size='1'>
        <property name='download.size' value='441123'/>
      </properties>
    </artifact>
    <artifact classifier='osgi.bundle' id='org.eclipse.equinox.p2.core' version='2.6.0.v20190215-2242'>
      <properties size='1'>
        <property name='download.size' value='76692'/>
      </properties>
    </artifact>
    <artifact classifier='osgi.bundle' id='org.apache.batik.util' version='1.11.0.v20190515-0436'>
      <properties size='1'>
        <property name='download.size' value='147784'/>
      </properties>
    </artifact>
    <artifact classifier='osgi.bundle' id='org.w3c.dom.svg' version='1.1.0.v201011041433'>
      <properties size='1'>
        <property name='download.size' value='97545'/>
      </properties>
    </artifact>
    <artifact classifier='osgi.bundle' id='org.eclipse.emf.ecore' version='2.18.0.v20190528-0845'>
      <properties size='1'>
        <property name='download.size' value='1414513'/>
      </properties>
    </artifact>
    <artifact classifier='osgi.bundle' id='org.eclipse.e4.ui.workbench.swt' version='0.14.600.v20190513-2118'>
      <properties size='1'>
        <property name='download.size' value='175286'/>
      </properties>
    </artifact>
    <artifact classifier='osgi.bundle' id='org.eclipse.emf.ecore.xmi' version='2.16.0.v20190528-0725'>
      <properties size='1'>
        <property name='download.size' value='235196'/>
      </properties>
    </artifact>
    <artifact classifier='osgi.bundle' id='org.eclipse.jdt.compiler.tool' version='1.2.600.v20190322-0450'>
      <properties size='1'>
        <property name='download.size' value='206143'/>
      </properties>
    </artifact>
    <artifact classifier='osgi.bundle' id='javax.xml' version='1.3.4.v201005080400'>
      <properties size='1'>
        <property name='download.size' value='254976'/>
      </properties>
    </artifact>
    <artifact classifier='osgi.bundle' id='org.eclipse.e4.ui.css.core' version='0.12.700.v20190513-2118'>
      <properties size='1'>
        <property name='download.size' value='211651'/>
      </properties>
    </artifact>
    <artifact classifier='osgi.bundle' id='org.eclipse.e4.ui.workbench.renderers.swt' version='0.14.700.v20190517-1525'>
      <properties size='1'>
        <property name='download.size' value='252137'/>
      </properties>
    </artifact>
    <artifact classifier='osgi.bundle' id='org.apache.commons.jxpath' version='1.3.0.v200911051830'>
      <properties size='1'>
        <property name='download.size' value='315491'/>
      </properties>
    </artifact>
    <artifact classifier='osgi.bundle' id='org.eclipse.equinox.event' version='1.5.100.v20190528-1257'>
      <properties size='1'>
        <property name='download.size' value='35544'/>
      </properties>
    </artifact>
    <artifact classifier='osgi.bundle' id='org.eclipse.team.ui' version='3.8.500.v20190519-2354'>
      <properties size='1'>
        <property name='download.size' value='1463141'/>
      </properties>
    </artifact>
    <artifact classifier='osgi.bundle' id='org.apache.batik.constants' version='1.11.0.v20190515-0436'>
      <properties size='1'>
        <property name='download.size' value='20830'/>
      </properties>
    </artifact>
    <artifact classifier='osgi.bundle' id='org.eclipse.osgi.compatibility.state' version='1.1.500.v20190516-1407'>
      <properties size='1'>
        <property name='download.size' value='244967'/>
      </properties>
    </artifact>
    <artifact classifier='osgi.bundle' id='org.eclipse.ant.core' version='3.5.400.v20190510-0606'>
      <properties size='1'>
        <property name='download.size' value='108777'/>
      </properties>
    </artifact>
    <artifact classifier='osgi.bundle' id='org.eclipse.e4.ui.bindings' version='0.12.500.v20190510-1100'>
      <properties size='1'>
        <property name='download.size' value='46046'/>
      </properties>
    </artifact>
    <artifact classifier='osgi.bundle' id='org.eclipse.ui.cocoa' version='1.2.200.v20190509-1900'>
      <properties size='1'>
        <property name='download.size' value='9783'/>
      </properties>
    </artifact>
    <artifact classifier='osgi.bundle' id='org.eclipse.core.runtime' version='3.15.300.v20190508-0543'>
      <properties size='1'>
        <property name='download.size' value='74690'/>
      </properties>
    </artifact>
    <artifact classifier='osgi.bundle' id='org.eclipse.equinox.simpleconfigurator.manipulator' version='2.1.200.v20181123-1405'>
      <properties size='1'>
        <property name='download.size' value='26672'/>
      </properties>
    </artifact>
    <artifact classifier='osgi.bundle' id='org.eclipse.jface' version='3.16.0.v20190528-0922'>
      <properties size='1'>
        <property name='download.size' value='1107618'/>
      </properties>
    </artifact>
    <artifact classifier='osgi.bundle' id='org.eclipse.text' version='3.8.200.v20190519-2344'>
      <properties size='1'>
        <property name='download.size' value='285807'/>
      </properties>
    </artifact>
    <artifact classifier='osgi.bundle' id='org.eclipse.jdt.launching.macosx' version='3.4.300.v20190510-0639'>
      <properties size='1'>
        <property name='download.size' value='19689'/>
      </properties>
    </artifact>
    <artifact classifier='osgi.bundle' id='org.apache.commons.io' version='2.6.0.v20190123-2029'>
      <properties size='1'>
        <property name='download.size' value='232616'/>
      </properties>
    </artifact>
    <artifact classifier='osgi.bundle' id='org.eclipse.e4.ui.workbench3' version='0.15.100.v20190513-2118'>
      <properties size='1'>
        <property name='download.size' value='21324'/>
      </properties>
    </artifact>
    <artifact classifier='osgi.bundle' id='org.eclipse.ui' version='3.113.0.v20190513-2118'>
      <properties size='1'>
        <property name='download.size' value='475896'/>
      </properties>
    </artifact>
    <artifact classifier='osgi.bundle' id='org.eclipse.equinox.common' version='3.10.400.v20190516-1504'>
      <properties size='1'>
        <property name='download.size' value='122390'/>
      </properties>
    </artifact>
    <artifact classifier='osgi.bundle' id='org.eclipse.jdt.debug.ui' version='3.10.300.v20190528-0604'>
      <properties size='1'>
        <property name='download.size' value='1732369'/>
      </properties>
    </artifact>
    <artifact classifier='osgi.bundle' id='org.eclipse.core.resources' version='3.13.400.v20190505-1655'>
      <properties size='1'>
        <property name='download.size' value='893929'/>
      </properties>
    </artifact>
    <artifact classifier='osgi.bundle' id='org.eclipse.jdt.core.manipulation' version='1.11.200.v20190520-0718'>
      <properties size='1'>
        <property name='download.size' value='827043'/>
      </properties>
    </artifact>
    <artifact classifier='osgi.bundle' id='org.apache.xmlgraphics' version='2.3.0.v20190515-0436'>
      <properties size='1'>
        <property name='download.size' value='719465'/>
      </properties>
    </artifact>
    <artifact classifier='osgi.bundle' id='org.eclipse.core.databinding.property' version='1.7.0.v20190510-1100'>
      <properties size='1'>
        <property name='download.size' value='164503'/>
      </properties>
    </artifact>
    <artifact classifier='osgi.bundle' id='org.eclipse.equinox.p2.repository' version='2.4.400.v20190318-1320'>
      <properties size='1'>
        <property name='download.size' value='141298'/>
      </properties>
    </artifact>
    <artifact classifier='osgi.bundle' id='org.tukaani.xz' version='1.8.0.v20180207-1613'>
      <properties size='1'>
        <property name='download.size' value='128232'/>
      </properties>
    </artifact>
    <artifact classifier='osgi.bundle' id='org.eclipse.e4.ui.di' version='1.2.600.v20190510-1100'>
      <properties size='1'>
        <property name='download.size' value='17582'/>
      </properties>
    </artifact>
    <artifact classifier='osgi.bundle' id='org.junit' version='4.12.0.v201504281640'>
      <properties size='1'>
        <property name='download.size' value='291017'/>
      </properties>
      <repositoryProperties size='1'>
        <property name='artifact.folder' value='true'/>
      </repositoryProperties>
    </artifact>
    <artifact classifier='osgi.bundle' id='org.eclipse.jdt.launching' version='3.14.0.v20190508-0531'>
      <properties size='1'>
        <property name='download.size' value='549049'/>
      </properties>
    </artifact>
    <artifact classifier='osgi.bundle' id='org.eclipse.osgi.util' version='3.5.200.v20190115-2323'>
      <properties size='1'>
        <property name='download.size' value='73514'/>
      </properties>
    </artifact>
    <artifact classifier='osgi.bundle' id='org.eclipse.e4.core.di.extensions' version='0.15.300.v20190213-1308'>
      <properties size='1'>
        <property name='download.size' value='11420'/>
      </properties>
    </artifact>
    <artifact classifier='osgi.bundle' id='org.eclipse.team.core' version='3.8.600.v20190519-2354'>
      <properties size='1'>
        <property name='download.size' value='408807'/>
      </properties>
    </artifact>
    <artifact classifier='osgi.bundle' id='org.eclipse.e4.ui.services' version='1.3.500.v20190513-2118'>
      <properties size='1'>
        <property name='download.size' value='25193'/>
      </properties>
    </artifact>
    <artifact classifier='osgi.bundle' id='com.ibm.icu' version='64.2.0.v20190507-1337'>
      <properties size='1'>
        <property name='download.size' value='13239963'/>
      </properties>
    </artifact>
    <artifact classifier='osgi.bundle' id='org.eclipse.core.expressions' version='3.6.400.v20190518-1240'>
      <properties size='1'>
        <property name='download.size' value='94416'/>
      </properties>
    </artifact>
    <artifact classifier='osgi.bundle' id='org.eclipse.jdt.junit.core' version='3.10.300.v20190510-0840'>
      <properties size='1'>
        <property name='download.size' value='177535'/>
      </properties>
    </artifact>
    <artifact classifier='osgi.bundle' id='org.eclipse.e4.core.di.annotations' version='1.6.400.v20190518-1217'>
      <properties size='1'>
        <property name='download.size' value='12265'/>
      </properties>
    </artifact>
    <artifact classifier='osgi.bundle' id='org.eclipse.equinox.app' version='1.4.200.v20190516-1504'>
      <properties size='1'>
        <property name='download.size' value='88245'/>
      </properties>
    </artifact>
    <artifact classifier='osgi.bundle' id='org.eclipse.equinox.security.macosx' version='1.101.100.v20180827-1235'>
      <properties size='1'>
        <property name='download.size' value='17428'/>
      </properties>
    </artifact>
    <artifact classifier='osgi.bundle' id='org.eclipse.equinox.frameworkadmin.equinox' version='1.1.100.v20180822-1258'>
      <properties size='1'>
        <property name='download.size' value='67578'/>
      </properties>
    </artifact>
    <artifact classifier='osgi.bundle' id='org.eclipse.jdt.ui' version='3.18.0.v20190601-2139'>
      <properties size='1'>
        <property name='download.size' value='11917420'/>
      </properties>
    </artifact>
    <artifact classifier='osgi.bundle' id='org.eclipse.core.databinding.observable' version='1.7.0.v20190515-0910'>
      <properties size='1'>
        <property name='download.size' value='311072'/>
      </properties>
    </artifact>
    <artifact classifier='osgi.bundle' id='org.eclipse.ui.editors' version='3.11.500.v20190519-2344'>
      <properties size='1'>
        <property name='download.size' value='613669'/>
      </properties>
    </artifact>
    <artifact classifier='osgi.bundle' id='org.eclipse.equinox.preferences' version='3.7.400.v20190516-1504'>
      <properties size='1'>
        <property name='download.size' value='133448'/>
      </properties>
    </artifact>
    <artifact classifier='osgi.bundle' id='org.eclipse.e4.ui.workbench.renderers.swt.cocoa' version='0.12.300.v20190517-1326'>
      <properties size='1'>
        <property name='download.size' value='32188'/>
      </properties>
    </artifact>
    <artifact classifier='osgi.bundle' id='org.w3c.dom.events' version='3.0.0.draft20060413_v201105210656'>
      <properties size='1'>
        <property name='download.size' value='15720'/>
      </properties>
    </artifact>
    <artifact classifier='osgi.bundle' id='org.apache.batik.css' version='1.11.0.v20190515-0436'>
      <properties size='1'>
        <property name='download.size' value='359895'/>
      </properties>
    </artifact>
    <artifact classifier='osgi.bundle' id='org.eclipse.equinox.bidi' version='1.2.0.v20190514-1046'>
      <properties size='1'>
        <property name='download.size' value='51226'/>
      </properties>
    </artifact>
    <artifact classifier='osgi.bundle' id='org.eclipse.swt.cocoa.macosx.x86_64' version='3.111.0.v20190605-1801'>
      <properties size='1'>
        <property name='download.size' value='2120405'/>
      </properties>
    </artifact>
    <artifact classifier='osgi.bundle' id='org.eclipse.core.commands' version='3.9.400.v20190516-1358'>
      <properties size='1'>
        <property name='download.size' value='115838'/>
      </properties>
    </artifact>
    <artifact classifier='osgi.bundle' id='org.eclipse.ui.forms' version='3.8.0.v20190519-1034'>
      <properties size='1'>
        <property name='download.size' value='327387'/>
      </properties>
    </artifact>
    <artifact classifier='osgi.bundle' id='org.eclipse.ui.ide' version='3.15.200.v20190519-2104'>
      <properties size='1'>
        <property name='download.size' value='2517932'/>
      </properties>
    </artifact>
    <artifact classifier='osgi.bundle' id='org.eclipse.core.filesystem' version='1.7.400.v20190518-1151'>
      <properties size='1'>
        <property name='download.size' value='66904'/>
      </properties>
    </artifact>
    <artifact classifier='osgi.bundle' id='javax.servlet' version='3.1.0.v201410161800'>
      <properties size='1'>
        <property name='download.size' value='105237'/>
      </properties>
    </artifact>
    <artifact classifier='osgi.bundle' id='org.eclipse.jdt.junit' version='3.11.400.v20190510-0840'>
      <properties size='1'>
        <property name='download.size' value='565038'/>
      </properties>
    </artifact>
    <artifact classifier='osgi.bundle' id='org.eclipse.equinox.p2.metadata.repository' version='1.3.100.v20180822-1302'>
      <properties size='1'>
        <property name='download.size' value='133540'/>
      </properties>
    </artifact>
    <artifact classifier='osgi.bundle' id='org.eclipse.ltk.core.refactoring' version='3.10.100.v20190510-0840'>
      <properties size='1'>
        <property name='download.size' value='358159'/>
      </properties>
    </artifact>
    <artifact classifier='osgi.bundle' id='org.eclipse.ui.views.properties.tabbed' version='3.8.500.v20190513-2118'>
      <properties size='1'>
        <property name='download.size' value='110286'/>
      </properties>
    </artifact>
    <artifact classifier='osgi.bundle' id='org.eclipse.equinox.security' version='1.3.200.v20190516-1504'>
      <properties size='1'>
        <property name='download.size' value='113360'/>
      </properties>
    </artifact>
    <artifact classifier='osgi.bundle' id='org.eclipse.help' version='3.8.400.v20190423-0921'>
      <properties size='1'>
        <property name='download.size' value='273285'/>
      </properties>
    </artifact>
    <artifact classifier='osgi.bundle' id='org.eclipse.jdt.core' version='3.18.0.v20190522-0428'>
      <properties size='1'>
        <property name='download.size' value='6974276'/>
      </properties>
    </artifact>
    <artifact classifier='osgi.bundle' id='org.eclipse.equinox.frameworkadmin' version='2.1.300.v20190318-1320'>
      <properties size='1'>
        <property name='download.size' value='36961'/>
      </properties>
    </artifact>
    <artifact classifier='osgi.bundle' id='org.eclipse.e4.core.services' version='2.1.400.v20181215-2145'>
      <properties size='1'>
        <property name='download.size' value='57073'/>
      </properties>
    </artifact>
    <artifact classifier='osgi.bundle' id='org.eclipse.equinox.launcher.cocoa.macosx.x86_64' version='1.1.1000.v20190125-2016'>
      <properties size='1'>
        <property name='download.size' value='34640'/>
      </properties>
      <repositoryProperties size='1'>
        <property name='artifact.folder' value='true'/>
      </repositoryProperties>
    </artifact>
    <artifact classifier='osgi.bundle' id='org.eclipse.emf.ecore.change' version='2.14.0.v20190528-0725'>
      <properties size='1'>
        <property name='download.size' value='103029'/>
      </properties>
    </artifact>
    <artifact classifier='osgi.bundle' id='org.apache.felix.scr' version='2.1.14.v20190123-1619'>
      <properties size='1'>
        <property name='download.size' value='412632'/>
      </properties>
    </artifact>
    <artifact classifier='osgi.bundle' id='org.eclipse.e4.ui.workbench.addons.swt' version='1.3.500.v20190513-2118'>
      <properties size='1'>
        <property name='download.size' value='117607'/>
      </properties>
    </artifact>
    <artifact classifier='osgi.bundle' id='org.eclipse.e4.ui.model.workbench' version='2.1.400.v20190513-2118'>
      <properties size='1'>
        <property name='download.size' value='408819'/>
      </properties>
    </artifact>
    <artifact classifier='osgi.bundle' id='org.eclipse.osgi.services' version='3.8.0.v20190206-2147'>
      <properties size='1'>
        <property name='download.size' value='128680'/>
      </properties>
    </artifact>
    <artifact classifier='osgi.bundle' id='org.w3c.dom.smil' version='1.0.1.v200903091627'>
      <properties size='1'>
        <property name='download.size' value='20106'/>
      </properties>
    </artifact>
    <artifact classifier='osgi.bundle' id='org.eclipse.e4.core.commands' version='0.12.600.v20190510-1100'>
      <properties size='1'>
        <property name='download.size' value='26059'/>
      </properties>
    </artifact>
    <artifact classifier='osgi.bundle' id='javax.inject' version='1.0.0.v20091030'>
      <properties size='1'>
        <property name='download.size' value='14411'/>
      </properties>
    </artifact>
    <artifact classifier='osgi.bundle' id='org.eclipse.e4.core.contexts' version='1.8.100.v20190518-1217'>
      <properties size='1'>
        <property name='download.size' value='48376'/>
      </properties>
    </artifact>
    <artifact classifier='osgi.bundle' id='org.eclipse.core.databinding' version='1.7.400.v20190513-2118'>
      <properties size='1'>
        <property name='download.size' value='177114'/>
      </properties>
    </artifact>
    <artifact classifier='osgi.bundle' id='org.eclipse.equinox.launcher' version='1.5.400.v20190515-0925'>
      <properties size='1'>
        <property name='download.size' value='53053'/>
      </properties>
    </artifact>
    <artifact classifier='osgi.bundle' id='org.eclipse.e4.ui.css.swt' version='0.13.500.v20190513-2118'>
      <properties size='1'>
        <property name='download.size' value='255338'/>
      </properties>
    </artifact>
    <artifact classifier='osgi.bundle' id='org.eclipse.core.filebuffers' version='3.6.600.v20190519-2344'>
      <properties size='1'>
        <property name='download.size' value='119390'/>
      </properties>
    </artifact>
    <artifact classifier='osgi.bundle' id='org.eclipse.e4.core.di' version='1.7.200.v20190506-1457'>
      <properties size='1'>
        <property name='download.size' value='52826'/>
      </properties>
    </artifact>
    <artifact classifier='osgi.bundle' id='org.eclipse.ui.console' version='3.8.500.v20190514-0743'>
      <properties size='1'>
        <property name='download.size' value='206365'/>
      </properties>
    </artifact>
    <artifact classifier='osgi.bundle' id='org.eclipse.ui.workbench.texteditor' version='3.12.0.v20190519-2344'>
      <properties size='1'>
        <property name='download.size' value='653398'/>
      </properties>
    </artifact>
    <artifact classifier='osgi.bundle' id='org.eclipse.e4.ui.widgets' version='1.2.400.v20190510-1100'>
      <properties size='1'>
        <property name='download.size' value='13457'/>
      </properties>
    </artifact>
    <artifact classifier='osgi.bundle' id='org.eclipse.search' version='3.11.600.v20190519-2344'>
      <properties size='1'>
        <property name='download.size' value='554767'/>
      </properties>
    </artifact>
    <artifact classifier='osgi.bundle' id='org.eclipse.core.filesystem.macosx' version='1.3.100.v20180828-0158'>
      <properties size='1'>
        <property name='download.size' value='11218'/>
      </properties>
    </artifact>
    <artifact classifier='osgi.bundle' id='org.eclipse.jdt.compiler.apt' version='1.3.600.v20190402-0634'>
      <properties size='1'>
        <property name='download.size' value='217738'/>
      </properties>
    </artifact>
    <artifact classifier='osgi.bundle' id='org.eclipse.compare.core' version='3.6.500.v20190519-2354'>
      <properties size='1'>
        <property name='download.size' value='68005'/>
      </properties>
    </artifact>
    <artifact classifier='osgi.bundle' id='org.apache.batik.i18n' version='1.11.0.v20190515-0436'>
      <properties size='1'>
        <property name='download.size' value='24067'/>
      </properties>
    </artifact>
    <artifact classifier='osgi.bundle' id='org.eclipse.core.contenttype' version='3.7.300.v20190215-2048'>
      <properties size='1'>
        <property name='download.size' value='105591'/>
      </properties>
    </artifact>
    <artifact classifier='osgi.bundle' id='org.eclipse.debug.core' version='3.13.300.v20190514-0832'>
      <properties size='1'>
        <property name='download.size' value='397511'/>
      </properties>
    </artifact>
    <artifact classifier='osgi.bundle' id='org.eclipse.draw2d' version='3.10.100.201606061308'>
      <properties size='1'>
        <property name='download.size' value='616652'/>
      </properties>
    </artifact>
    <artifact classifier='osgi.bundle' id='org.w3c.css.sac' version='1.3.1.v200903091627'>
      <properties size='1'>
        <property name='download.size' value='36448'/>
      </properties>
    </artifact>
    <artifact classifier='osgi.bundle' id='org.eclipse.ui.navigator.resources' version='3.6.500.v20190519-2104'>
      <properties size='1'>
        <property name='download.size' value='170237'/>
      </properties>
    </artifact>
    <artifact classifier='osgi.bundle' id='org.eclipse.equinox.p2.engine' version='2.6.300.v20190318-1320'>
      <properties size='1'>
        <property name='download.size' value='215007'/>
      </properties>
    </artifact>
    <artifact classifier='osgi.bundle' id='org.eclipse.debug.ui' version='3.14.100.v20190518-2143'>
      <properties size='1'>
        <property name='download.size' value='3125065'/>
      </properties>
    </artifact>
    <artifact classifier='osgi.bundle' id='org.eclipse.core.variables' version='3.4.500.v20190510-0549'>
      <properties size='1'>
        <property name='download.size' value='36057'/>
      </properties>
    </artifact>
    <artifact classifier='osgi.bundle' id='org.eclipse.e4.ui.workbench' version='1.10.0.v20190529-1505'>
      <properties size='1'>
        <property name='download.size' value='255458'/>
      </properties>
    </artifact>
    <artifact classifier='osgi.bundle' id='org.eclipse.e4.core.di.extensions.supplier' version='0.15.300.v20190506-1457'>
      <properties size='1'>
        <property name='download.size' value='35275'/>
      </properties>
    </artifact>
    <artifact classifier='osgi.bundle' id='org.eclipse.e4.ui.css.swt.theme' version='0.12.300.v20190510-1100'>
      <properties size='1'>
        <property name='download.size' value='28936'/>
      </properties>
    </artifact>
    <artifact classifier='osgi.bundle' id='org.eclipse.equinox.simpleconfigurator' version='1.3.200.v20181101-1115'>
      <properties size='1'>
        <property name='download.size' value='46189'/>
      </properties>
    </artifact>
  </artifacts>
</repository>
